time,track_id,class,confidence,latitude,longitude,image
2026-06-06 00:04:38,1,victims,0.52,0.0,0.0,20260606_000438_victims_ID1.jpg
2026-06-06 00:04:39,5,victims,0.54,0.0,0.0,20260606_000439_victims_ID5.jpg
2026-06-06 00:04:39,7,victims,0.42,0.0,0.0,20260606_000439_victims_ID7.jpg
2026-06-06 00:04:41,8,victims,0.35,0.0,0.0,20260606_000441_victims_ID8.jpg
2026-06-06 00:04:41,9,victims,0.73,0.0,0.0,20260606_000441_victims_ID9.jpg
2026-06-06 00:04:44,13,victims,0.77,0.0,0.0,20260606_000444_victims_ID13.jpg
2026-06-06 00:04:49,14,victims,0.69,0.0,0.0,20260606_000449_victims_ID14.jpg
2026-06-06 00:04:55,15,fire,0.36,0.0,0.0,20260606_000455_fire_ID15.jpg
2026-06-06 00:05:25,19,victims,0.73,0.0,0.0,20260606_000525_victims_ID19.jpg
2026-06-06 00:05:27,21,victims,0.32,0.0,0.0,20260606_000527_victims_ID21.jpg
2026-06-06 00:05:28,28,victims,0.48,0.0,0.0,20260606_000528_victims_ID28.jpg
2026-06-06 00:05:32,32,victims,0.52,0.0,0.0,20260606_000532_victims_ID32.jpg
2026-06-06 00:05:38,39,victims,0.46,0.0,0.0,20260606_000538_victims_ID39.jpg
2026-06-06 00:05:41,48,victims,0.59,0.0,0.0,20260606_000541_victims_ID48.jpg
2026-06-06 00:05:42,52,victims,0.58,0.0,0.0,20260606_000542_victims_ID52.jpg
2026-06-06 00:05:42,53,victims,0.38,0.0,0.0,20260606_000542_victims_ID53.jpg
2026-06-06 00:05:47,58,victims,0.5,0.0,0.0,20260606_000547_victims_ID58.jpg
2026-06-06 00:05:48,59,victims,0.52,0.0,0.0,20260606_000548_victims_ID59.jpg
2026-06-06 00:05:50,62,fire,0.33,0.0,0.0,20260606_000550_fire_ID62.jpg
2026-06-06 00:05:53,59,fire,0.66,0.0,0.0,20260606_000553_fire_ID59.jpg
2026-06-06 00:06:10,81,victims,0.86,0.0,0.0,20260606_000610_victims_ID81.jpg
2026-06-06 00:06:12,83,victims,0.7,0.0,0.0,20260606_000612_victims_ID83.jpg
